{
    "attacks": [
        {
            "method_name": "test1",
            "links": [
                "http://localhost/attack.html?host={HOST}&port={PORT}&time={TIME}&method=HOME"
            ],
            "configuration": {
                "method_slots": {
                    "max": 3,
                    "enabled": true
                },
                "method_min_time": {
                    "time": 20,
                    "enabled": false
                },
                "method_max_time": {
                    "note": "users with the soft max time bypass role can attack over soft max time if their account can. nobody bypasses hard max time.",
                    "hard": {
                        "time": 86400,
                        "enabled": false
                    },
                    "soft": {
                        "time": 200,
                        "enabled": false
                    }
                }
            },
            "method_status": {
                "enabled": true,
                "settings": {
                    "note": "please only enable one of the two options below. (Note: You can have both disabled)",
                    "cnc_access_only": false,
                    "api_access_only": false
                },
                "restrictions": {
                    "target_validation": {
                        "note": "please only enable one of the two options below. (Note: You can have both disabled)",
                        "ip_address_targets_only": false,
                        "url_and_domain_targets_only": false
                    },
                    "method_group": {
                        "name": "main_network",
                        "require_method_group_role": false
                    },
                    "as_number_whitelist": {
                        "enabled": false,
                        "as_number": []
                    },
                    "note": "please only enable one of the two options below. (Note: You can have both disabled)",
                    "vip": false,
                    "private": {
                        "enabled": false,
                        "users": []
                    }
                }
            }
        },
        {
            "method_name": "test2",
            "links": [
                "http://localhost/attack.html?host={HOST}&port={PORT}&time={TIME}&method=HOME",
                "http://localhost/attack.html?host={HOST}&port={PORT}&time={TIME}&method=HOME"
            ],
            "configuration": {
                "method_slots": {
                    "max": 3,
                    "enabled": true
                },
                "method_min_time": {
                    "time": 20,
                    "enabled": false
                },
                "method_max_time": {
                    "note": "users with the soft max time bypass role can attack over soft max time if their account can. nobody bypasses hard max time.",
                    "hard": {
                        "time": 86400,
                        "enabled": false
                    },
                    "soft": {
                        "time": 200,
                        "enabled": false
                    }
                }
            },
            "method_status": {
                "enabled": true,
                "settings": {
                    "note": "please only enable one of the two options below. (Note: You can have both disabled)",
                    "cnc_access_only": false,
                    "api_access_only": false
                },
                "restrictions": {
                    "target_validation": {
                        "note": "please only enable one of the two options below. (Note: You can have both disabled)",
                        "ip_address_targets_only": false,
                        "url_and_domain_targets_only": false
                    },
                    "method_group": {
                        "name": "main_network",
                        "require_method_group_role": false
                    },
                    "as_number_whitelist": {
                        "enabled": false,
                        "as_number": []
                    },
                    "note": "please only enable one of the two options below. (Note: You can have both disabled)",
                    "vip": false,
                    "private": {
                        "enabled": false,
                        "users": []
                    }
                }
            }
        },
        {
            "method_name": "test3",
            "links": [
                "http://localhost/attack.html?host={HOST}&port={PORT}&time={TIME}&method=HOME",
                "http://localhost/attack.html?host={HOST}&port={PORT}&time={TIME}&method=HOME",
                "http://localhost/attack.html?host={HOST}&port={PORT}&time={TIME}&method=HOME"
            ],
            "configuration": {
                "method_slots": {
                    "max": 3,
                    "enabled": true
                },
                "method_min_time": {
                    "time": 20,
                    "enabled": false
                },
                "method_max_time": {
                    "note": "users with the soft max time bypass role can attack over soft max time if their account can. nobody bypasses hard max time.",
                    "hard": {
                        "time": 86400,
                        "enabled": false
                    },
                    "soft": {
                        "time": 200,
                        "enabled": false
                    }
                }
            },
            "method_status": {
                "enabled": true,
                "settings": {
                    "note": "please only enable one of the two options below. (Note: You can have both disabled)",
                    "cnc_access_only": false,
                    "api_access_only": false
                },
                "restrictions": {
                    "target_validation": {
                        "note": "please only enable one of the two options below. (Note: You can have both disabled)",
                        "ip_address_targets_only": false,
                        "url_and_domain_targets_only": false
                    },
                    "method_group": {
                        "name": "main_network",
                        "require_method_group_role": false
                    },
                    "as_number_whitelist": {
                        "enabled": false,
                        "as_number": []
                    },
                    "note": "please only enable one of the two options below. (Note: You can have both disabled)",
                    "vip": false,
                    "private": {
                        "enabled": false,
                        "users": []
                    }
                }
            }
        }
    ]
}